fit_method,n_main_rows,A_inf,A_inf_minus_target,A_alpha,A_tail_quasi_monotone,anc_inf,anc_inf_minus_1,anc_alpha,anc_tail_quasi_monotone,theorem_no_contact_ok,n_shiftfree_rows,astar_inf,astar_inf_minus_1,astar_alpha,astar_tail_quasi_monotone,F1_inf,F1_inf_minus_0,F1_alpha,F1_tail_quasi_monotone,shiftfree_root_choice_summary,theorem_shiftfree_ok
plateau_0.04,3,0.08011017252146677,0.0005327009755190931,3.27,False,1.00334199766567,0.0033419976656698935,3.27,False,False,3,1.0033419976656697,0.0033419976656696715,3.27,False,-0.006694117885003432,-0.006694117885003432,3.27,False,targeted_x_nc:3,False
plateau_0.06,3,0.0798955531458985,0.00031808159995082297,3.27,False,1.001998083307811,0.0019980833078110383,3.27,False,False,3,1.0019980833078113,0.0019980833078112603,3.27,False,-0.003997131270590306,-0.003997131270590306,3.27,False,targeted_x_nc:3,False
plateau_0.08,3,0.07928085282094513,-0.0002966187250025426,1.77,True,0.9981203728583424,-0.0018796271416575694,1.76,True,False,3,0.9981203728583422,-0.0018796271416577914,1.76,True,0.0037274208295408227,0.0037274208295408227,1.77,True,targeted_x_nc:3,False
plateau_0.10,3,0.07933267364173768,-0.0002447979042099896,1.8900000000000001,True,0.99844853578004,-0.001551464219959997,1.8800000000000001,True,False,3,0.9984485357800397,-0.0015514642199603301,1.8800000000000001,True,0.0030762211899211978,0.0030762211899211978,1.8900000000000001,True,targeted_x_nc:3,False
plateau_0.12,3,0.07973758078275126,0.00016010923680358224,3.27,True,1.001006512352871,0.0010065123528710807,3.27,True,False,3,1.001006512352871,0.0010065123528710807,3.27,True,-0.0020119920084560056,-0.0020119920084560056,3.27,True,targeted_x_nc:3,False
